DOF,JointsSuccess Rate (%),Failure Rate (%),Error Rate (%),Average Failure Distance,Average Failure Angle (°),Average Elapsed Time (s),Generation Time (s),Mode,Feedbacks Given,Forwards Kinematics Calls,Testing Calls,Reasoning,Functions,API,Cost ($)
6,1 to 6,IKPy
6,1 to 6,99.8%,0.2%,0%,0.05967200404197301,0°,0.020187946599975484 s,0 s,,0,0,0,False,False,False,$0
5,1 to 5,IKPy
5,1 to 5,100%,0%,0%,0,0°,0.017695620899987254 s,0 s,,0,0,0,False,False,False,$0
5,2 to 6,IKPy
5,2 to 6,100%,0%,0%,0,0°,0.017383439800023548 s,0 s,,0,0,0,False,False,False,$0
4,1 to 4,IKPy
4,1 to 4,100%,0%,0%,0,0°,0.019294919300024038 s,0 s,,0,0,0,False,False,False,$0
4,2 to 5,IKPy
4,2 to 5,100%,0%,0%,0,0°,0.014132226100002296 s,0 s,,0,0,0,False,False,False,$0
4,3 to 6,IKPy
4,3 to 6,99.8%,0.2%,0%,0.022291578223391,0°,0.014938756400033528 s,0 s,,0,0,0,False,False,False,$0
3,1 to 3,IKPy
3,1 to 3,100%,0%,0%,0,0°,0.0053840845000104305 s,0 s,,0,0,0,False,False,False,$0
3,2 to 4,IKPy
3,2 to 4,100%,0%,0%,0,0°,0.0177623370000074 s,0 s,,0,0,0,False,False,False,$0
3,3 to 5,IKPy
3,3 to 5,100%,0%,0%,0,0°,0.012340500400006938 s,0 s,,0,0,0,False,False,False,$0
3,4 to 6,IKPy
3,4 to 6,100%,0%,0%,0,0°,0.011472267800001646 s,0 s,,0,0,0,False,False,False,$0
2,1 to 2,IKPy
2,1 to 2,99.9%,0.1%,0%,0.137183471091114,0°,0.003488026299990468 s,0 s,,0,0,0,False,False,False,$0
2,2 to 3,IKPy
2,2 to 3,100%,0%,0%,0,0°,0.003949705999966686 s,0 s,,0,0,0,False,False,False,$0
2,3 to 4,IKPy
2,3 to 4,100%,0%,0%,0,0°,0.01148415589999058 s,0 s,,0,0,0,False,False,False,$0
2,4 to 5,IKPy
2,4 to 5,100%,0%,0%,0,0°,0.010578440600062104 s,0 s,,0,0,0,False,False,False,$0
2,5 to 6,IKPy
2,5 to 6,100%,0%,0%,0,0°,0.010080818900003572 s,0 s,,0,0,0,False,False,False,$0
1,1,IKPy
1,1,100%,0%,0%,0,0°,0.001993125600016348 s,0 s,,0,0,0,False,False,False,$0
1,2,IKPy
1,2,100%,0%,0%,0,0°,0.0024256091000115533 s,0 s,,0,0,0,False,False,False,$0
1,3,IKPy
1,3,100%,0%,0%,0,0°,0.002022532200009675 s,0 s,,0,0,0,False,False,False,$0
1,4,IKPy
1,4,100%,0%,0%,0,0°,0.0005668344999648897 s,0 s,,0,0,0,False,False,False,$0
1,5,IKPy
1,5,100%,0%,0%,0,0°,0.00048539399999389664 s,0 s,,0,0,0,False,False,False,$0
1,6,IKPy
1,6,100%,0%,0%,0,0°,0.0005139525999929928 s,0 s,,0,0,0,False,False,False,$0